<?xml version="1.0" encoding="UTF-8" standalone="yes"?>
<addon id="service.hackermil.update"
       name="HackedTV Updater"
      version="1.3"
      provider-name="Hackermil">
	<requires>
        <import addon="xbmc.addon" version="12.0.0"/>
        <import addon="xbmc.python" version="2.1.0"/>
		<import addon="script.module.addon.common" version="2.0.0"/>
    </requires>
	<extension point="xbmc.service" library="service.py" start="[login|startup]"/>
	<extension point="xbmc.addon.metadata">
		<summary lang="en">Always making sure that HackedTV is up to date.</summary>
    </extension>
</addon>
